t,x,y,z,xd,yd,zd,qw,qx,qy,qz,p,q,r
0,0,0,0,0,0,0,1,0,-0,-0,0,0,0
0.01,1.9562e-08,1.9456e-08,9.1243e-08,8.0705e-06,8.0396e-06,2.849e-05,1,0.00012708,-0.00012735,-1.0001e-07,-0.05235,0.052364,3.6956e-05
0.02,3.302e-07,3.2953e-07,8.0708e-07,6.6285e-05,6.6207e-05,0.00012769,1,0.00049846,-0.00049862,-4.0943e-07,-0.092078,0.092021,9.0181e-05
0.03,1.6427e-06,1.6412e-06,2.9187e-06,0.0002129,0.00021281,0.00030877,1,0.0010054,-0.0010053,-1.0857e-06,-0.10687,0.10682,0.00019358
0.04,4.9361e-06,4.9339e-06,7.2699e-06,0.00046333,0.00046328,0.00057599,1,0.0015386,-0.0015384,-2.5327e-06,-0.10453,0.10452,0.00040592
0.05,1.1252e-05,1.125e-05,1.473e-05,0.00081643,0.00081642,0.00093054,1,0.0020411,-0.002041,-5.3596e-06,-0.096214,0.09624,0.00074458
0.06,2.1582e-05,2.158e-05,2.6171e-05,0.0012648,0.0012648,0.0013723,0.99999,0.0025027,-0.0025027,-1.0153e-05,-0.088885,0.088913,0.0011884
0.07,3.6842e-05,3.684e-05,4.2463e-05,0.0018015,0.0018015,0.0019003,0.99999,0.0029354,-0.0029356,-1.7385e-05,-0.084708,0.084725,0.0017167
0.08,5.7893e-05,5.7891e-05,6.4462e-05,0.0024225,0.0024225,0.0025137,0.99999,0.0033539,-0.0033542,-2.745e-05,-0.082966,0.082973,0.0023215
0.09,8.5568e-05,8.5565e-05,9.3016e-05,0.0031262,0.0031261,0.003211,0.99999,0.0037668,-0.0037673,-4.0734e-05,-0.082232,0.082236,0.0030049
0.1,0.00012069,0.00012069,0.00012896,0.0039118,0.0039117,0.0039909,0.99998,0.0041762,-0.0041769,-5.7642e-05,-0.081515,0.081537,0.0037721
0.11,0.00016407,0.00016407,0.00017311,0.0047786,0.0047785,0.0048522,0.99998,0.0045811,-0.004582,-7.8596e-05,-0.080398,0.080421,0.0046239
0.12,0.00021653,0.00021653,0.00022627,0.0057259,0.0057257,0.0057935,0.99998,0.0049796,-0.0049808,-0.00010402,-0.078972,0.079008,0.0055609
0.13,0.00027886,0.00027885,0.00028924,0.0067521,0.0067519,0.0068135,0.99997,0.0053704,-0.0053721,-0.00013434,-0.077403,0.077449,0.0065802
0.14,0.00035183,0.00035182,0.0003628,0.007856,0.0078558,0.0079107,0.99997,0.0057534,-0.0057556,-0.00016996,-0.075833,0.075888,0.0076791
0.15,0.00043623,0.00043622,0.00044771,0.0090361,0.0090358,0.009084,0.99996,0.0061286,-0.0061315,-0.00021126,-0.074337,0.074412,0.0088562
0.16,0.0005328,0.00053279,0.00054472,0.010291,0.010291,0.010332,0.99996,0.0064964,-0.0065001,-0.00025864,-0.072869,0.072945,0.010108
0.17,0.0006423,0.00064228,0.00065459,0.011619,0.011619,0.011653,0.99995,0.006857,-0.0068616,-0.00031246,-0.071454,0.071543,0.011435
0.18,0.00076543,0.00076541,0.00077803,0.01302,0.013019,0.013047,0.99995,0.0072105,-0.0072163,-0.00037311,-0.070062,0.070169,0.012836
0.19,0.00090293,0.0009029,0.00091576,0.014491,0.014491,0.014511,0.99994,0.007557,-0.0075641,-0.00044094,-0.068683,0.068816,0.01431
0.2,0.0010555,0.0010555,0.0010685,0.016032,0.016031,0.016045,0.99994,0.0078965,-0.0079051,-0.00051632,-0.067306,0.067459,0.015855
0.21,0.0012238,0.0012238,0.0012369,0.017641,0.017641,0.017647,0.99993,0.008229,-0.0082394,-0.00059959,-0.065909,0.066068,0.017468
0.22,0.0014085,0.0014085,0.0014216,0.019317,0.019317,0.019316,0.99993,0.0085546,-0.008567,-0.0006911,-0.064558,0.064745,0.019151
0.23,0.0016104,0.0016103,0.0016234,0.021059,0.021058,0.02105,0.99992,0.0088733,-0.008888,-0.00079118,-0.06322,0.063437,0.020901
0.24,0.0018299,0.0018299,0.0018429,0.022866,0.022864,0.022849,0.99992,0.0091853,-0.0092025,-0.00090018,-0.061864,0.062092,0.022715
0.25,0.0020679,0.0020678,0.0020806,0.024735,0.024734,0.024711,0.99991,0.0094905,-0.0095105,-0.0010184,-0.060546,0.060802,0.024594
0.26,0.0023248,0.0023247,0.0023373,0.026666,0.026665,0.026635,0.9999,0.009789,-0.0098122,-0.0011462,-0.059221,0.059496,0.026535
0.27,0.0026014,0.0026013,0.0026135,0.028658,0.028657,0.02862,0.9999,0.010081,-0.010107,-0.0012838,-0.057938,0.058252,0.02854
0.28,0.0028982,0.0028981,0.0029099,0.03071,0.030708,0.030664,0.99989,0.010366,-0.010397,-0.0014316,-0.056626,0.056953,0.030603
0.29,0.0032158,0.0032157,0.003227,0.032819,0.032817,0.032766,0.99989,0.010645,-0.010679,-0.0015899,-0.055359,0.055722,0.032726
0.3,0.0035548,0.0035546,0.0035654,0.034985,0.034983,0.034926,0.99988,0.010917,-0.010956,-0.0017589,-0.054091,0.054483,0.034907
0.31,0.0039157,0.0039155,0.0039257,0.037208,0.037205,0.037141,0.99987,0.011183,-0.011227,-0.001939,-0.052827,0.053246,0.037144
0.32,0.0042991,0.0042989,0.0043084,0.039484,0.039482,0.039411,0.99987,0.011442,-0.011492,-0.0021304,-0.051577,0.052024,0.039437
0.33,0.0047056,0.0047053,0.0047141,0.041814,0.041812,0.041734,0.99986,0.011695,-0.011751,-0.0023334,-0.050348,0.05083,0.041784
0.34,0.0051356,0.0051353,0.0051432,0.044196,0.044193,0.044109,0.99985,0.011942,-0.012004,-0.0025482,-0.049111,0.049615,0.044182
0.35,0.0055897,0.0055894,0.0055964,0.046629,0.046626,0.046535,0.99985,0.012182,-0.012251,-0.0027752,-0.047913,0.048459,0.046634
0.36,0.0060683,0.006068,0.0060741,0.049112,0.049109,0.049011,0.99984,0.012416,-0.012492,-0.0030146,-0.046708,0.047285,0.049135
0.37,0.0065721,0.0065717,0.0065768,0.051643,0.051639,0.051536,0.99983,0.012644,-0.012728,-0.0032665,-0.045499,0.046099,0.051685
0.38,0.0071013,0.0071009,0.007105,0.054222,0.054218,0.054108,0.99983,0.012866,-0.012959,-0.0035314,-0.04432,0.044954,0.054283
0.39,0.0076566,0.0076562,0.0076591,0.056846,0.056842,0.056727,0.99982,0.013082,-0.013183,-0.0038093,-0.04316,0.043832,0.056928
0.4,0.0082384,0.0082379,0.0082397,0.059516,0.059512,0.059391,0.99981,0.013292,-0.013402,-0.0041006,-0.041992,0.042693,0.059618
0.41,0.0088471,0.0088466,0.0088471,0.06223,0.062226,0.062098,0.99981,0.013496,-0.013616,-0.0044054,-0.040845,0.04158,0.062353
0.42,0.0094832,0.0094826,0.0094818,0.064986,0.064982,0.064849,0.9998,0.013693,-0.013825,-0.004724,-0.039703,0.040468,0.065131
0.43,0.010147,0.010146,0.010144,0.067785,0.06778,0.067642,0.99979,0.013885,-0.014028,-0.0050566,-0.038567,0.039361,0.067951
0.44,0.010839,0.010838,0.010835,0.070623,0.070618,0.070475,0.99979,0.014071,-0.014226,-0.0054034,-0.037443,0.038265,0.070811
0.45,0.01156,0.011559,0.011554,0.073501,0.073496,0.073348,0.99978,0.014252,-0.014418,-0.0057646,-0.036334,0.037186,0.073711
0.46,0.012309,0.012308,0.012302,0.076418,0.076412,0.076259,0.99977,0.014426,-0.014606,-0.0061403,-0.035231,0.03611,0.07665
0.47,0.013088,0.013087,0.013079,0.079371,0.079365,0.079207,0.99976,0.014595,-0.014788,-0.0065309,-0.034137,0.035042,0.079626
0.48,0.013897,0.013896,0.013886,0.082361,0.082355,0.082192,0.99976,0.014758,-0.014966,-0.0069364,-0.033053,0.033982,0.082638
0.49,0.014735,0.014734,0.014723,0.085386,0.085379,0.085212,0.99975,0.014916,-0.015138,-0.0073571,-0.031982,0.032937,0.085686
0.5,0.015605,0.015603,0.01559,0.088444,0.088438,0.088266,0.99974,0.015067,-0.015305,-0.007793,-0.030928,0.03191,0.088768
0.51,0.016504,0.016503,0.016489,0.091536,0.091529,0.091353,0.99973,0.015214,-0.015468,-0.0082445,-0.02987,0.03087,0.091882
0.52,0.017435,0.017434,0.017418,0.094659,0.094652,0.094472,0.99972,0.015354,-0.015626,-0.0087116,-0.028833,0.029857,0.095029
0.53,0.018398,0.018396,0.018378,0.097813,0.097805,0.097622,0.99971,0.01549,-0.015779,-0.0091945,-0.027806,0.02885,0.098207
0.54,0.019392,0.01939,0.01937,0.101,0.10099,0.1008,0.9997,0.015619,-0.015927,-0.0096933,-0.026775,0.027832,0.10141
0.55,0.020418,0.020416,0.020394,0.10421,0.1042,0.10401,0.99969,0.015744,-0.01607,-0.010208,-0.025773,0.026851,0.10465
0.56,0.021476,0.021474,0.02145,0.10745,0.10744,0.10725,0.99969,0.015863,-0.016209,-0.010739,-0.024763,0.025849,0.10791
0.57,0.022567,0.022565,0.022539,0.11072,0.11071,0.11051,0.99968,0.015977,-0.016343,-0.011287,-0.02377,0.024867,0.1112
0.58,0.02369,0.023689,0.023661,0.11401,0.114,0.1138,0.99966,0.016085,-0.016473,-0.011851,-0.022794,0.023903,0.11452
0.59,0.024847,0.024845,0.024815,0.11732,0.11731,0.11711,0.99965,0.016189,-0.016598,-0.012432,-0.021816,0.022927,0.11786
0.6,0.026037,0.026035,0.026003,0.12066,0.12065,0.12045,0.99964,0.016287,-0.016718,-0.013029,-0.020854,0.021969,0.12122
0.61,0.02726,0.027258,0.027224,0.12403,0.12402,0.12381,0.99963,0.01638,-0.016834,-0.013644,-0.019903,0.02102,0.12461
0.62,0.028518,0.028515,0.028479,0.12741,0.1274,0.12719,0.99962,0.016468,-0.016946,-0.014275,-0.018958,0.020073,0.12801
0.63,0.029809,0.029806,0.029768,0.13082,0.1308,0.13059,0.99961,0.01655,-0.017053,-0.014923,-0.018023,0.019131,0.13144
0.64,0.031134,0.031132,0.031091,0.13424,0.13423,0.13402,0.99959,0.016628,-0.017156,-0.015589,-0.017094,0.018192,0.13489
0.65,0.032493,0.032491,0.032449,0.13768,0.13767,0.13746,0.99958,0.016701,-0.017255,-0.016271,-0.01618,0.017266,0.13835
0.66,0.033888,0.033885,0.033841,0.14114,0.14113,0.14092,0.99956,0.016769,-0.017349,-0.016971,-0.01527,0.016339,0.14184
0.67,0.035316,0.035314,0.035267,0.14462,0.14461,0.14439,0.99955,0.016832,-0.017439,-0.017689,-0.014379,0.015432,0.14533
0.68,0.03678,0.036777,0.036728,0.14811,0.1481,0.14788,0.99953,0.01689,-0.017525,-0.018424,-0.013488,0.014515,0.14885
0.69,0.038279,0.038276,0.038225,0.15162,0.15161,0.15139,0.99952,0.016943,-0.017607,-0.019177,-0.012613,0.013615,0.15238
0.7,0.039812,0.03981,0.039756,0.15514,0.15513,0.15491,0.9995,0.016992,-0.017685,-0.019947,-0.011748,0.012721,0.15592
0.71,0.041382,0.041379,0.041323,0.15868,0.15866,0.15844,0.99948,0.017036,-0.017759,-0.020735,-0.010891,0.01183,0.15948
0.72,0.042986,0.042983,0.042925,0.16222,0.16221,0.16199,0.99946,0.017075,-0.017828,-0.021541,-0.01004,0.01094,0.16304
0.73,0.044626,0.044623,0.044563,0.16578,0.16577,0.16555,0.99944,0.017109,-0.017894,-0.022365,-0.0092004,0.010057,0.16662
0.74,0.046302,0.046298,0.046236,0.16935,0.16933,0.16911,0.99942,0.017139,-0.017955,-0.023206,-0.0083729,0.0091832,0.17021
0.75,0.048013,0.048009,0.047945,0.17292,0.17291,0.17269,0.9994,0.017164,-0.018013,-0.024066,-0.0075559,0.0083161,0.17381
0.76,0.04976,0.049756,0.04969,0.17651,0.1765,0.17628,0.99938,0.017185,-0.018066,-0.024943,-0.0067457,0.0074495,0.17741
0.77,0.051543,0.051539,0.051471,0.1801,0.18009,0.17987,0.99935,0.017202,-0.018116,-0.025839,-0.0059435,0.0065854,0.18102
0.78,0.053362,0.053358,0.053288,0.1837,0.18369,0.18347,0.99933,0.017214,-0.018162,-0.026752,-0.0051545,0.0057316,0.18464
0.79,0.055217,0.055213,0.05514,0.18731,0.18729,0.18708,0.9993,0.017221,-0.018203,-0.027684,-0.004373,0.0048793,0.18826
0.8,0.057108,0.057104,0.057029,0.19092,0.1909,0.19069,0.99928,0.017224,-0.018242,-0.028633,-0.0036035,0.0040352,0.19189
0.81,0.059036,0.059031,0.058954,0.19453,0.19452,0.1943,0.99925,0.017223,-0.018276,-0.029601,-0.0028421,0.0031934,0.19552
0.82,0.060999,0.060995,0.060915,0.19815,0.19814,0.19792,0.99922,0.017218,-0.018306,-0.030587,-0.0020901,0.0023554,0.19916
0.83,0.062999,0.062994,0.062912,0.20177,0.20175,0.20154,0.99918,0.017209,-0.018333,-0.031591,-0.0013489,0.0015236,0.20279
0.84,0.065034,0.06503,0.064946,0.20539,0.20538,0.20516,0.99915,0.017195,-0.018356,-0.032613,-0.00061702,0.00069562,0.20643
0.85,0.067106,0.067102,0.067016,0.20901,0.209,0.20879,0.99912,0.017177,-0.018375,-0.033654,0.00010525,-0.00012838,0.21007
0.86,0.069215,0.06921,0.069122,0.21263,0.21262,0.21241,0.99908,0.017155,-0.018391,-0.034712,0.00081761,-0.00094792,0.2137
0.87,0.071359,0.071354,0.071264,0.21626,0.21624,0.21603,0.99904,0.017129,-0.018403,-0.035789,0.0015203,-0.0017634,0.21734
0.88,0.07354,0.073534,0.073442,0.21987,0.21986,0.21965,0.999,0.017099,-0.018411,-0.036884,0.0022131,-0.0025749,0.22097
0.89,0.075757,0.075751,0.075657,0.22349,0.22348,0.22327,0.99896,0.017066,-0.018416,-0.037996,0.0028958,-0.0033818,0.2246
0.9,0.07801,0.078004,0.077908,0.2271,0.22709,0.22689,0.99892,0.017028,-0.018417,-0.039127,0.0035693,-0.0041857,0.22823
0.91,0.080299,0.080293,0.080195,0.23071,0.2307,0.2305,0.99887,0.016986,-0.018414,-0.040276,0.0042327,-0.0049852,0.23185
0.92,0.082624,0.082618,0.082518,0.23432,0.2343,0.23411,0.99883,0.016941,-0.018408,-0.041443,0.0048871,-0.0057825,0.23547
0.93,0.084985,0.084979,0.084877,0.23792,0.2379,0.23771,0.99878,0.016892,-0.018398,-0.042628,0.005531,-0.006575,0.23908
0.94,0.087382,0.087376,0.087272,0.24151,0.24149,0.2413,0.99873,0.016839,-0.018385,-0.043831,0.0061626,-0.0073597,0.24268
0.95,0.089815,0.089809,0.089703,0.24509,0.24508,0.24489,0.99867,0.016782,-0.018368,-0.045052,0.0067871,-0.0081453,0.24627
0.96,0.092284,0.092277,0.09217,0.24867,0.24866,0.24847,0.99862,0.016722,-0.018348,-0.046291,0.0074017,-0.0089272,0.24986
0.97,0.094789,0.094782,0.094672,0.25224,0.25222,0.25204,0.99856,0.016658,-0.018324,-0.047547,0.0080074,-0.0097076,0.25344
0.98,0.097329,0.097322,0.097211,0.2558,0.25578,0.2556,0.9985,0.016591,-0.018297,-0.048822,0.0085992,-0.010477,0.25701
0.99,0.099905,0.099897,0.099784,0.25935,0.25933,0.25916,0.99844,0.01652,-0.018267,-0.050114,0.0091822,-0.011246,0.26056
1,0.10252,0.10251,0.10239,0.26289,0.26287,0.2627,0.99838,0.016446,-0.018233,-0.051423,0.0097573,-0.012014,0.26411
1.01,0.10516,0.10515,0.10504,0.26641,0.2664,0.26623,0.99831,0.016369,-0.018195,-0.052751,0.010324,-0.012782,0.26764
1.02,0.10784,0.10784,0.10772,0.26993,0.26991,0.26975,0.99824,0.016288,-0.018154,-0.054095,0.010876,-0.013539,0.27116
1.03,0.11056,0.11055,0.11043,0.27343,0.27341,0.27325,0.99817,0.016204,-0.01811,-0.055458,0.011423,-0.0143,0.27467
1.04,0.11331,0.1133,0.11318,0.27692,0.2769,0.27674,0.99809,0.016116,-0.018062,-0.056837,0.011956,-0.015051,0.27816
1.05,0.1161,0.11609,0.11597,0.28039,0.28037,0.28022,0.99801,0.016025,-0.018011,-0.058234,0.012479,-0.015799,0.28164
1.06,0.11892,0.11891,0.11879,0.28385,0.28383,0.28368,0.99793,0.015932,-0.017957,-0.059648,0.012992,-0.016544,0.2851
1.07,0.12178,0.12177,0.12164,0.28729,0.28727,0.28713,0.99785,0.015835,-0.017899,-0.06108,0.0135,-0.017294,0.28854
1.08,0.12467,0.12466,0.12453,0.29072,0.2907,0.29056,0.99776,0.015735,-0.017839,-0.062528,0.01399,-0.018027,0.29197
1.09,0.12759,0.12758,0.12745,0.29413,0.29411,0.29397,0.99767,0.015632,-0.017774,-0.063993,0.014478,-0.018771,0.29538
1.1,0.13055,0.13054,0.13041,0.29752,0.2975,0.29737,0.99758,0.015526,-0.017707,-0.065475,0.014947,-0.019496,0.29877
1.11,0.13354,0.13353,0.1334,0.30089,0.30088,0.30074,0.99748,0.015417,-0.017636,-0.066974,0.015414,-0.020233,0.30214
1.12,0.13657,0.13656,0.13642,0.30425,0.30423,0.3041,0.99738,0.015305,-0.017562,-0.068489,0.015869,-0.020962,0.3055
1.13,0.13963,0.13962,0.13948,0.30758,0.30757,0.30744,0.99728,0.015191,-0.017485,-0.070021,0.016312,-0.021684,0.30883
1.14,0.14272,0.14271,0.14257,0.3109,0.31088,0.31076,0.99717,0.015074,-0.017404,-0.07157,0.016743,-0.022399,0.31214
1.15,0.14584,0.14583,0.1457,0.31419,0.31417,0.31406,0.99706,0.014954,-0.01732,-0.073134,0.017164,-0.023112,0.31543
1.16,0.149,0.14899,0.14885,0.31746,0.31745,0.31734,0.99695,0.014831,-0.017233,-0.074715,0.017576,-0.023822,0.3187
1.17,0.15219,0.15218,0.15204,0.32071,0.3207,0.32059,0.99683,0.014706,-0.017143,-0.076312,0.017985,-0.024547,0.32195
1.18,0.15542,0.15541,0.15527,0.32394,0.32393,0.32382,0.99671,0.014578,-0.01705,-0.077925,0.018371,-0.025237,0.32517
1.19,0.15867,0.15866,0.15852,0.32715,0.32713,0.32703,0.99658,0.014447,-0.016953,-0.079553,0.018759,-0.025953,0.32837
1.2,0.16196,0.16195,0.16181,0.33033,0.33031,0.33022,0.99645,0.014314,-0.016853,-0.081198,0.019129,-0.026647,0.33154
1.21,0.16528,0.16527,0.16512,0.33348,0.33347,0.33338,0.99632,0.014179,-0.016751,-0.082858,0.019494,-0.027351,0.33469
1.22,0.16863,0.16862,0.16847,0.33662,0.3366,0.33652,0.99618,0.014042,-0.016645,-0.084533,0.019847,-0.028045,0.33781
1.23,0.17201,0.172,0.17185,0.33972,0.33971,0.33963,0.99604,0.013902,-0.016535,-0.086223,0.020188,-0.028733,0.34091
1.24,0.17542,0.17541,0.17527,0.3428,0.34279,0.34271,0.9959,0.013759,-0.016423,-0.087929,0.020518,-0.029412,0.34398
1.25,0.17887,0.17885,0.17871,0.34586,0.34584,0.34577,0.99575,0.013615,-0.016308,-0.08965,0.020837,-0.030086,0.34702
1.26,0.18234,0.18233,0.18218,0.34889,0.34887,0.3488,0.99559,0.013468,-0.01619,-0.091385,0.021147,-0.03076,0.35004
1.27,0.18584,0.18583,0.18569,0.35188,0.35187,0.35181,0.99543,0.01332,-0.016068,-0.093135,0.021455,-0.031455,0.35302
1.28,0.18938,0.18937,0.18922,0.35486,0.35484,0.35478,0.99527,0.013169,-0.015944,-0.0949,0.021741,-0.032109,0.35598
1.29,0.19294,0.19293,0.19278,0.3578,0.35779,0.35773,0.9951,0.013016,-0.015816,-0.096679,0.022028,-0.032795,0.35891
1.3,0.19653,0.19652,0.19637,0.36071,0.3607,0.36065,0.99493,0.012861,-0.015685,-0.098472,0.022295,-0.033443,0.36181
1.31,0.20015,0.20014,0.19999,0.3636,0.36358,0.36354,0.99476,0.012704,-0.015552,-0.10028,0.022559,-0.034116,0.36468
1.32,0.2038,0.20379,0.20364,0.36645,0.36644,0.3664,0.99458,0.012546,-0.015415,-0.1021,0.022809,-0.034767,0.36751
1.33,0.20748,0.20747,0.20732,0.36927,0.36926,0.36922,0.99439,0.012385,-0.015275,-0.10394,0.023049,-0.035413,0.37032
1.34,0.21119,0.21118,0.21103,0.37207,0.37206,0.37202,0.9942,0.012223,-0.015133,-0.10578,0.02328,-0.036059,0.37309
1.35,0.21492,0.21491,0.21476,0.37483,0.37482,0.37479,0.994,0.012059,-0.014987,-0.10765,0.023501,-0.0367,0.37584
1.36,0.21869,0.21867,0.21852,0.37756,0.37755,0.37752,0.9938,0.011894,-0.014838,-0.10952,0.023715,-0.037367,0.37854
1.37,0.22248,0.22246,0.22231,0.38025,0.38024,0.38022,0.9936,0.011727,-0.014687,-0.11141,0.023912,-0.03797,0.38122
1.38,0.22629,0.22628,0.22613,0.38292,0.38291,0.38289,0.99339,0.011558,-0.014532,-0.11331,0.024104,-0.038603,0.38386
1.39,0.23013,0.23012,0.22997,0.38555,0.38554,0.38552,0.99317,0.011388,-0.014375,-0.11522,0.024284,-0.039235,0.38647
1.4,0.234,0.23399,0.23384,0.38814,0.38813,0.38812,0.99295,0.011216,-0.014215,-0.11715,0.024456,-0.039849,0.38904
1.41,0.2379,0.23788,0.23773,0.39071,0.3907,0.39069,0.99272,0.011043,-0.014052,-0.11909,0.024616,-0.040454,0.39158
1.42,0.24182,0.2418,0.24165,0.39323,0.39322,0.39322,0.99249,0.010869,-0.013886,-0.12104,0.024768,-0.041067,0.39409
1.43,0.24576,0.24575,0.2456,0.39573,0.39572,0.39572,0.99225,0.010693,-0.013717,-0.123,0.02491,-0.041683,0.39655
1.44,0.24973,0.24972,0.24957,0.39818,0.39817,0.39818,0.99201,0.010516,-0.013545,-0.12497,0.025045,-0.042299,0.39899
1.45,0.25372,0.25371,0.25356,0.4006,0.4006,0.4006,0.99176,0.010337,-0.013371,-0.12696,0.025167,-0.042893,0.40138
1.46,0.25774,0.25773,0.25758,0.40299,0.40298,0.40299,0.99151,0.010158,-0.013193,-0.12895,0.025276,-0.043462,0.40374
1.47,0.26178,0.26177,0.26162,0.40534,0.40533,0.40535,0.99125,0.0099775,-0.013013,-0.13096,0.025383,-0.044073,0.40606
1.48,0.26585,0.26584,0.26568,0.40765,0.40764,0.40766,0.99099,0.0097959,-0.01283,-0.13298,0.025474,-0.044638,0.40834
1.49,0.26994,0.26992,0.26977,0.40992,0.40992,0.40994,0.99072,0.0096133,-0.012645,-0.13501,0.025558,-0.045216,0.41059
1.5,0.27405,0.27403,0.27388,0.41216,0.41215,0.41218,0.99044,0.0094297,-0.012456,-0.13705,0.025635,-0.045798,0.41279
1.51,0.27818,0.27817,0.27802,0.41436,0.41435,0.41438,0.99016,0.0092453,-0.012265,-0.1391,0.025699,-0.046358,0.41496
1.52,0.28233,0.28232,0.28217,0.41652,0.41651,0.41654,0.98987,0.0090599,-0.012071,-0.14116,0.025751,-0.046902,0.41709
1.53,0.28651,0.2865,0.28635,0.41864,0.41863,0.41867,0.98958,0.0088738,-0.011875,-0.14323,0.025804,-0.047485,0.41918
1.54,0.29071,0.29069,0.29054,0.42072,0.42071,0.42075,0.98928,0.0086869,-0.011676,-0.14531,0.025835,-0.048006,0.42123
1.55,0.29492,0.29491,0.29476,0.42276,0.42276,0.4228,0.98897,0.0084992,-0.011474,-0.1474,0.025867,-0.048564,0.42324
1.56,0.29916,0.29915,0.299,0.42476,0.42476,0.4248,0.98866,0.0083109,-0.01127,-0.1495,0.025885,-0.049096,0.42521
1.57,0.30342,0.30341,0.30326,0.42672,0.42672,0.42677,0.98835,0.008122,-0.011063,-0.1516,0.025898,-0.049641,0.42714
1.58,0.3077,0.30768,0.30754,0.42865,0.42864,0.42869,0.98802,0.0079326,-0.010853,-0.15372,0.025895,-0.050149,0.42903
1.59,0.31199,0.31198,0.31183,0.43053,0.43053,0.43058,0.98769,0.0077426,-0.010641,-0.15584,0.025884,-0.050652,0.43088
1.6,0.31631,0.31629,0.31615,0.43237,0.43237,0.43242,0.98736,0.0075521,-0.010427,-0.15797,0.025871,-0.051179,0.43268
1.61,0.32064,0.32063,0.32048,0.43417,0.43416,0.43422,0.98702,0.0073612,-0.010209,-0.16012,0.025844,-0.051676,0.43445
1.62,0.32499,0.32498,0.32483,0.43592,0.43592,0.43598,0.98667,0.0071699,-0.0099899,-0.16226,0.025811,-0.052179,0.43617
1.63,0.32936,0.32934,0.3292,0.43764,0.43764,0.4377,0.98632,0.0069783,-0.0097678,-0.16442,0.025768,-0.052673,0.43785
1.64,0.33374,0.33373,0.33358,0.43931,0.43931,0.43938,0.98596,0.0067864,-0.0095433,-0.16658,0.025717,-0.053158,0.43949
1.65,0.33814,0.33813,0.33799,0.44094,0.44094,0.44101,0.98559,0.0065943,-0.0093164,-0.16875,0.025658,-0.053639,0.44108
1.66,0.34256,0.34255,0.3424,0.44253,0.44253,0.4426,0.98522,0.006402,-0.0090872,-0.17093,0.025587,-0.054097,0.44264
1.67,0.34699,0.34698,0.34684,0.44408,0.44408,0.44415,0.98484,0.0062095,-0.0088555,-0.17312,0.025509,-0.054551,0.44414
1.68,0.35144,0.35143,0.35129,0.44558,0.44558,0.44566,0.98446,0.006017,-0.0086216,-0.17531,0.025423,-0.054999,0.44561
1.69,0.35591,0.35589,0.35575,0.44704,0.44704,0.44712,0.98407,0.0058244,-0.0083853,-0.1775,0.02533,-0.055448,0.44703
1.7,0.36038,0.36037,0.36023,0.44845,0.44846,0.44853,0.98367,0.0056318,-0.0081468,-0.17971,0.025234,-0.055907,0.44841
1.71,0.36488,0.36486,0.36472,0.44983,0.44983,0.44991,0.98327,0.0054392,-0.007906,-0.18192,0.025121,-0.056322,0.44975
1.72,0.36938,0.36937,0.36923,0.45115,0.45116,0.45124,0.98286,0.0052467,-0.007663,-0.18413,0.025005,-0.056746,0.45104
1.73,0.3739,0.37388,0.37375,0.45244,0.45244,0.45252,0.98244,0.0050543,-0.0074179,-0.18635,0.024886,-0.057187,0.45228
1.74,0.37843,0.37841,0.37828,0.45368,0.45368,0.45376,0.98202,0.0048621,-0.0071706,-0.18857,0.024756,-0.057601,0.45349
1.75,0.38297,0.38296,0.38282,0.45487,0.45487,0.45496,0.98159,0.0046702,-0.0069211,-0.1908,0.024615,-0.057994,0.45464
1.76,0.38753,0.38751,0.38738,0.45602,0.45602,0.45611,0.98116,0.0044784,-0.0066696,-0.19304,0.024463,-0.058362,0.45576
1.77,0.39209,0.39208,0.39194,0.45712,0.45713,0.45722,0.98072,0.004287,-0.006416,-0.19528,0.024316,-0.058778,0.45682
1.78,0.39667,0.39665,0.39652,0.45818,0.45819,0.45828,0.98027,0.004096,-0.0061603,-0.19752,0.024153,-0.059138,0.45785
1.79,0.40126,0.40124,0.40111,0.4592,0.4592,0.45929,0.97982,0.0039053,-0.0059027,-0.19977,0.023982,-0.059491,0.45882
1.8,0.40585,0.40584,0.40571,0.46017,0.46017,0.46026,0.97936,0.003715,-0.0056432,-0.20202,0.023814,-0.059879,0.45976
1.81,0.41046,0.41044,0.41031,0.46109,0.4611,0.46119,0.97889,0.0035252,-0.0053816,-0.20427,0.023626,-0.060197,0.46064
1.82,0.41507,0.41506,0.41493,0.46197,0.46198,0.46207,0.97842,0.0033359,-0.0051183,-0.20653,0.023445,-0.060574,0.46148
1.83,0.4197,0.41968,0.41956,0.4628,0.46281,0.4629,0.97794,0.0031472,-0.004853,-0.20879,0.023243,-0.060866,0.46228
1.84,0.42433,0.42432,0.42419,0.46359,0.46359,0.46369,0.97746,0.002959,-0.0045859,-0.21105,0.02305,-0.061227,0.46303
1.85,0.42897,0.42896,0.42883,0.46433,0.46433,0.46443,0.97697,0.0027715,-0.0043171,-0.21331,0.02284,-0.061525,0.46373
1.86,0.43362,0.4336,0.43348,0.46502,0.46503,0.46512,0.97647,0.0025847,-0.0040465,-0.21558,0.022624,-0.061816,0.46439
1.87,0.43827,0.43826,0.43813,0.46567,0.46568,0.46577,0.97597,0.0023985,-0.0037742,-0.21785,0.022407,-0.062117,0.465
1.88,0.44293,0.44292,0.44279,0.46627,0.46628,0.46637,0.97546,0.0022131,-0.0035002,-0.22012,0.022182,-0.062404,0.46557
1.89,0.44759,0.44758,0.44746,0.46682,0.46683,0.46693,0.97495,0.0020285,-0.0032246,-0.22239,0.021949,-0.062662,0.46609
1.9,0.45227,0.45225,0.45213,0.46733,0.46734,0.46743,0.97443,0.0018447,-0.0029475,-0.22466,0.021717,-0.062952,0.46656
1.91,0.45694,0.45693,0.45681,0.46779,0.4678,0.46789,0.9739,0.0016618,-0.0026687,-0.22694,0.021474,-0.063195,0.46699
1.92,0.46162,0.46161,0.46149,0.46821,0.46822,0.46831,0.97337,0.0014797,-0.0023885,-0.22921,0.021224,-0.063424,0.46737
1.93,0.46631,0.46629,0.46617,0.46857,0.46859,0.46868,0.97284,0.0012986,-0.0021068,-0.23149,0.020979,-0.063696,0.46771
1.94,0.47099,0.47098,0.47086,0.4689,0.46891,0.469,0.97229,0.0011184,-0.0018237,-0.23376,0.020717,-0.063892,0.468
1.95,0.47568,0.47567,0.47555,0.46917,0.46918,0.46927,0.97174,0.00093927,-0.0015392,-0.23604,0.020458,-0.064121,0.46824
1.96,0.48038,0.48036,0.48025,0.4694,0.46941,0.4695,0.97119,0.00076113,-0.0012534,-0.23831,0.020192,-0.064329,0.46844
1.97,0.48507,0.48506,0.48494,0.46958,0.46959,0.46968,0.97063,0.00058405,-0.00096627,-0.24059,0.019916,-0.064492,0.46859
1.98,0.48977,0.48976,0.48964,0.46971,0.46972,0.46981,0.97006,0.00040807,-0.00067792,-0.24286,0.019643,-0.064684,0.46869
1.99,0.49446,0.49445,0.49434,0.4698,0.46981,0.4699,0.96949,0.00023321,-0.00038836,-0.24513,0.019368,-0.064884,0.46875
2,0.49916,0.49915,0.49904,0.46984,0.46985,0.46993,0.96891,5.9516e-05,-9.765e-05,-0.2474,0.019083,-0.065031,0.46876
2.01,0.50386,0.50385,0.50374,0.46983,0.46984,0.46993,0.96833,-0.00011299,0.00019417,-0.24967,0.018798,-0.065196,0.46872
2.02,0.50856,0.50855,0.50844,0.46977,0.46979,0.46987,0.96774,-0.00028428,0.00048704,-0.25194,0.018503,-0.065313,0.46864
2.03,0.51326,0.51325,0.51313,0.46967,0.46969,0.46977,0.96715,-0.00045432,0.00078093,-0.25421,0.018206,-0.065423,0.46851
2.04,0.51795,0.51794,0.51783,0.46952,0.46954,0.46962,0.96655,-0.00062308,0.0010758,-0.25647,0.017908,-0.065541,0.46833
2.05,0.52265,0.52264,0.52253,0.46933,0.46934,0.46942,0.96595,-0.00079053,0.0013715,-0.25874,0.017612,-0.065675,0.46811
2.06,0.52734,0.52733,0.52722,0.46908,0.4691,0.46918,0.96534,-0.00095664,0.0016682,-0.26099,0.017309,-0.065779,0.46785
2.07,0.53203,0.53202,0.53191,0.46879,0.46881,0.46888,0.96472,-0.0011214,0.0019656,-0.26325,0.017002,-0.065859,0.46753
2.08,0.53671,0.5367,0.5366,0.46846,0.46847,0.46855,0.96411,-0.0012848,0.0022638,-0.2655,0.01669,-0.065918,0.46717
2.09,0.5414,0.54139,0.54128,0.46807,0.46809,0.46816,0.96348,-0.0014467,0.0025627,-0.26775,0.016376,-0.065966,0.46677
2.1,0.54608,0.54607,0.54596,0.46764,0.46766,0.46773,0.96285,-0.0016072,0.0028623,-0.27,0.016063,-0.066022,0.46632
2.11,0.55075,0.55074,0.55064,0.46717,0.46718,0.46725,0.96222,-0.0017663,0.0031625,-0.27224,0.015746,-0.066059,0.46582
2.12,0.55542,0.55541,0.55531,0.46664,0.46666,0.46673,0.96158,-0.0019238,0.0034632,-0.27448,0.015428,-0.066089,0.46527
2.13,0.56008,0.56007,0.55997,0.46607,0.46609,0.46615,0.96094,-0.0020798,0.0037645,-0.27672,0.015108,-0.066103,0.46469
2.14,0.56474,0.56473,0.56463,0.46546,0.46548,0.46553,0.9603,-0.0022343,0.0040662,-0.27895,0.014785,-0.066104,0.46405
2.15,0.56939,0.56938,0.56928,0.46479,0.46481,0.46487,0.95964,-0.0023873,0.0043682,-0.28117,0.014464,-0.066113,0.46337
2.16,0.57404,0.57403,0.57393,0.46409,0.4641,0.46416,0.95899,-0.0025386,0.0046707,-0.28339,0.014134,-0.066057,0.46264
2.17,0.57867,0.57866,0.57856,0.46333,0.46335,0.4634,0.95833,-0.0026884,0.0049734,-0.28561,0.013807,-0.066015,0.46187
2.18,0.5833,0.58329,0.58319,0.46253,0.46255,0.4626,0.95767,-0.0028365,0.0052763,-0.28782,0.013479,-0.06596,0.46106
2.19,0.58792,0.58792,0.58782,0.46168,0.4617,0.46175,0.957,-0.002983,0.0055794,-0.29002,0.01315,-0.065893,0.4602
2.2,0.59254,0.59253,0.59243,0.46079,0.46081,0.46085,0.95633,-0.0031279,0.0058826,-0.29222,0.012824,-0.065841,0.45929
2.21,0.59714,0.59713,0.59703,0.45985,0.45987,0.45991,0.95565,-0.003271,0.0061858,-0.29441,0.012492,-0.065739,0.45834
2.22,0.60173,0.60173,0.60163,0.45887,0.45889,0.45892,0.95497,-0.0034125,0.0064891,-0.2966,0.012162,-0.065632,0.45734
2.23,0.60632,0.60631,0.60621,0.45784,0.45786,0.45789,0.95429,-0.0035522,0.0067923,-0.29878,0.011832,-0.065523,0.4563
2.24,0.61089,0.61088,0.61078,0.45676,0.45678,0.45681,0.95361,-0.0036902,0.0070954,-0.30095,0.011504,-0.065412,0.45522
2.25,0.61545,0.61544,0.61535,0.45564,0.45566,0.45569,0.95292,-0.0038265,0.0073983,-0.30312,0.011176,-0.06529,0.45409
2.26,0.62,0.62,0.6199,0.45448,0.4545,0.45452,0.95222,-0.003961,0.0077009,-0.30528,0.010845,-0.065126,0.45292
2.27,0.62454,0.62453,0.62444,0.45327,0.45329,0.45331,0.95153,-0.0040937,0.0080033,-0.30743,0.010515,-0.064952,0.4517
2.28,0.62907,0.62906,0.62896,0.45201,0.45204,0.45206,0.95083,-0.0042247,0.0083053,-0.30957,0.010189,-0.06479,0.45044
2.29,0.63358,0.63357,0.63348,0.45072,0.45074,0.45075,0.95013,-0.0043538,0.0086069,-0.31171,0.0098642,-0.06463,0.44913
2.3,0.63808,0.63808,0.63798,0.44937,0.4494,0.44941,0.94942,-0.0044811,0.008908,-0.31384,0.0095382,-0.064427,0.44779
2.31,0.64257,0.64256,0.64247,0.44799,0.44801,0.44802,0.94872,-0.0046066,0.0092085,-0.31596,0.0092109,-0.064181,0.4464
2.32,0.64704,0.64704,0.64694,0.44656,0.44658,0.44659,0.94801,-0.0047302,0.0095085,-0.31807,0.0088901,-0.063983,0.44496
2.33,0.6515,0.65149,0.6514,0.44508,0.44511,0.44511,0.94729,-0.004852,0.0098078,-0.32018,0.0085692,-0.06375,0.44349
2.34,0.65594,0.65594,0.65584,0.44357,0.44359,0.44359,0.94658,-0.004972,0.010106,-0.32227,0.0082471,-0.063467,0.44197
2.35,0.66037,0.66037,0.66027,0.44201,0.44203,0.44203,0.94586,-0.00509,0.010404,-0.32436,0.0079312,-0.063225,0.44041
2.36,0.66478,0.66478,0.66468,0.4404,0.44043,0.44042,0.94515,-0.0052062,0.010701,-0.32643,0.0076141,-0.062927,0.4388
2.37,0.66918,0.66917,0.66908,0.43876,0.43878,0.43877,0.94442,-0.0053205,0.010997,-0.3285,0.0073033,-0.062673,0.43716
2.38,0.67356,0.67355,0.67346,0.43707,0.43709,0.43708,0.9437,-0.0054329,0.011292,-0.33056,0.0069906,-0.062342,0.43547
2.39,0.67792,0.67792,0.67782,0.43534,0.43537,0.43535,0.94298,-0.0055434,0.011586,-0.33261,0.0066825,-0.062027,0.43374
2.4,0.68226,0.68226,0.68216,0.43357,0.43359,0.43357,0.94225,-0.005652,0.011879,-0.33465,0.0063793,-0.061733,0.43197
2.41,0.68659,0.68659,0.68649,0.43176,0.43178,0.43176,0.94152,-0.0057587,0.01217,-0.33668,0.0060742,-0.061349,0.43016
2.42,0.6909,0.6909,0.6908,0.4299,0.42993,0.4299,0.9408,-0.0058634,0.012461,-0.33869,0.0057767,-0.061026,0.42831
2.43,0.69519,0.69519,0.69509,0.42801,0.42803,0.428,0.94007,-0.0059663,0.01275,-0.3407,0.0054786,-0.060621,0.42642
2.44,0.69946,0.69946,0.69936,0.42607,0.4261,0.42606,0.93933,-0.0060672,0.013038,-0.3427,0.0051878,-0.060277,0.42449
2.45,0.70371,0.70371,0.70361,0.4241,0.42412,0.42408,0.9386,-0.0061662,0.013324,-0.34469,0.0048979,-0.059868,0.42252
2.46,0.70794,0.70794,0.70784,0.42208,0.42211,0.42206,0.93787,-0.0062632,0.013609,-0.34666,0.0046114,-0.059438,0.42051
2.47,0.71215,0.71215,0.71205,0.42002,0.42005,0.42,0.93714,-0.0063583,0.013892,-0.34863,0.0043312,-0.05905,0.41846
2.48,0.71634,0.71634,0.71624,0.41793,0.41795,0.41791,0.9364,-0.0064515,0.014173,-0.35058,0.0040524,-0.058587,0.41637
2.49,0.72051,0.72051,0.72041,0.4158,0.41582,0.41577,0.93567,-0.0065427,0.014453,-0.35252,0.0037797,-0.058158,0.41425
2.5,0.72466,0.72466,0.72456,0.41362,0.41365,0.41359,0.93493,-0.0066319,0.014731,-0.35445,0.0035106,-0.057697,0.41208
2.51,0.72878,0.72878,0.72868,0.41141,0.41144,0.41138,0.9342,-0.0067193,0.015007,-0.35637,0.0032453,-0.057205,0.40988
2.52,0.73289,0.73288,0.73278,0.40916,0.40919,0.40913,0.93346,-0.0068047,0.015282,-0.35828,0.0029857,-0.056734,0.40764
2.53,0.73697,0.73697,0.73686,0.40688,0.4069,0.40684,0.93273,-0.0068881,0.015554,-0.36017,0.0027305,-0.056244,0.40536
2.54,0.74102,0.74102,0.74092,0.40455,0.40458,0.40451,0.932,-0.0069696,0.015824,-0.36206,0.0024793,-0.055705,0.40305
2.55,0.74506,0.74506,0.74495,0.40219,0.40222,0.40214,0.93126,-0.0070492,0.016092,-0.36393,0.0022345,-0.055207,0.4007
2.56,0.74907,0.74907,0.74896,0.39979,0.39982,0.39974,0.93053,-0.0071268,0.016358,-0.36579,0.0019937,-0.054653,0.39831
2.57,0.75305,0.75305,0.75295,0.39736,0.39738,0.39731,0.9298,-0.0072025,0.016622,-0.36763,0.0017584,-0.05409,0.39588
2.58,0.75701,0.75701,0.75691,0.39489,0.39492,0.39483,0.92906,-0.0072763,0.016883,-0.36946,0.001529,-0.053547,0.39343
2.59,0.76095,0.76095,0.76084,0.39239,0.39241,0.39233,0.92833,-0.0073481,0.017142,-0.37128,0.0013048,-0.052979,0.39093
2.6,0.76486,0.76486,0.76475,0.38985,0.38987,0.38978,0.9276,-0.007418,0.017399,-0.37309,0.001086,-0.052377,0.3884
2.61,0.76875,0.76875,0.76864,0.38727,0.3873,0.38721,0.92687,-0.007486,0.017653,-0.37488,0.00087313,-0.051782,0.38584
2.62,0.77261,0.77261,0.7725,0.38466,0.38469,0.38459,0.92615,-0.0075521,0.017904,-0.37666,0.00066604,-0.051169,0.38324
2.63,0.77644,0.77644,0.77633,0.38202,0.38205,0.38195,0.92542,-0.0076162,0.018153,-0.37843,0.00046484,-0.050528,0.38061
2.64,0.78025,0.78025,0.78014,0.37935,0.37937,0.37927,0.9247,-0.0076785,0.018399,-0.38018,0.00026977,-0.049875,0.37795
2.65,0.78403,0.78403,0.78392,0.37664,0.37666,0.37656,0.92398,-0.0077388,0.018642,-0.38192,8.0881e-05,-0.049232,0.37525
2.66,0.78778,0.78778,0.78767,0.3739,0.37392,0.37382,0.92326,-0.0077973,0.018883,-0.38364,-0.00010172,-0.04856,0.37253
2.67,0.7915,0.79151,0.79139,0.37113,0.37115,0.37104,0.92254,-0.0078538,0.01912,-0.38535,-0.000278,-0.047884,0.36977
2.68,0.7952,0.79521,0.79509,0.36832,0.36835,0.36824,0.92182,-0.0079085,0.019354,-0.38705,-0.0004478,-0.047194,0.36697
2.69,0.79887,0.79887,0.79876,0.36549,0.36551,0.3654,0.92111,-0.0079613,0.019586,-0.38873,-0.00061103,-0.046488,0.36415
2.7,0.80251,0.80252,0.8024,0.36263,0.36265,0.36253,0.9204,-0.0080123,0.019814,-0.3904,-0.00076766,-0.045774,0.3613
2.71,0.80612,0.80613,0.80601,0.35973,0.35975,0.35963,0.91969,-0.0080613,0.020039,-0.39205,-0.00091716,-0.045022,0.35842
2.72,0.80971,0.80971,0.80959,0.35681,0.35683,0.35671,0.91898,-0.0081086,0.020261,-0.39369,-0.0010601,-0.044277,0.3555
2.73,0.81326,0.81326,0.81314,0.35385,0.35387,0.35375,0.91828,-0.0081539,0.020479,-0.39532,-0.0011963,-0.043525,0.35256
2.74,0.81678,0.81679,0.81666,0.35087,0.35089,0.35077,0.91758,-0.0081975,0.020694,-0.39693,-0.0013256,-0.042767,0.34959
2.75,0.82028,0.82028,0.82016,0.34786,0.34788,0.34775,0.91688,-0.0082392,0.020905,-0.39852,-0.0014479,-0.041994,0.3466
2.76,0.82374,0.82375,0.82362,0.34482,0.34485,0.34471,0.91619,-0.0082791,0.021113,-0.4001,-0.0015629,-0.041201,0.34357
2.77,0.82717,0.82718,0.82705,0.34176,0.34178,0.34165,0.9155,-0.0083172,0.021317,-0.40166,-0.0016703,-0.040379,0.34052
2.78,0.83058,0.83058,0.83045,0.33867,0.33869,0.33856,0.91481,-0.0083534,0.021518,-0.40321,-0.0017708,-0.039563,0.33744
2.79,0.83395,0.83395,0.83382,0.33555,0.33557,0.33544,0.91413,-0.0083879,0.021715,-0.40475,-0.0018648,-0.038752,0.33433
2.8,0.83729,0.83729,0.83716,0.33241,0.33243,0.33229,0.91345,-0.0084206,0.021908,-0.40627,-0.0019505,-0.037904,0.3312
2.81,0.84059,0.8406,0.84047,0.32925,0.32927,0.32913,0.91278,-0.0084515,0.022097,-0.40777,-0.0020285,-0.037038,0.32805
2.82,0.84387,0.84388,0.84374,0.32606,0.32608,0.32593,0.91211,-0.0084806,0.022282,-0.40926,-0.0020998,-0.036179,0.32487
2.83,0.84712,0.84712,0.84699,0.32284,0.32286,0.32272,0.91144,-0.008508,0.022463,-0.41073,-0.0021633,-0.035299,0.32166
2.84,0.85033,0.85033,0.8502,0.31961,0.31962,0.31948,0.91078,-0.0085336,0.02264,-0.41219,-0.0022194,-0.03441,0.31844
2.85,0.85351,0.85351,0.85338,0.31635,0.31637,0.31622,0.91012,-0.0085575,0.022812,-0.41363,-0.0022681,-0.033512,0.31519
2.86,0.85666,0.85666,0.85652,0.31307,0.31308,0.31294,0.90947,-0.0085797,0.022981,-0.41505,-0.0023082,-0.032584,0.31192
2.87,0.85977,0.85978,0.85963,0.30976,0.30978,0.30963,0.90882,-0.0086001,0.023145,-0.41646,-0.002342,-0.031668,0.30862
2.88,0.86285,0.86286,0.86271,0.30644,0.30646,0.30631,0.90818,-0.0086189,0.023305,-0.41785,-0.0023679,-0.030738,0.30531
2.89,0.8659,0.86591,0.86576,0.3031,0.30311,0.30296,0.90754,-0.0086359,0.02346,-0.41923,-0.0023851,-0.029777,0.30198
2.9,0.86891,0.86892,0.86877,0.29974,0.29975,0.2996,0.9069,-0.0086512,0.023611,-0.42059,-0.0023956,-0.028821,0.29862
2.91,0.87189,0.8719,0.87175,0.29635,0.29637,0.29622,0.90627,-0.0086649,0.023758,-0.42193,-0.0023981,-0.027849,0.29525
2.92,0.87484,0.87485,0.8747,0.29296,0.29297,0.29282,0.90565,-0.0086768,0.023899,-0.42326,-0.0023927,-0.026863,0.29186
2.93,0.87775,0.87776,0.87761,0.28954,0.28955,0.2894,0.90503,-0.0086871,0.024036,-0.42457,-0.0023798,-0.025868,0.28845
2.94,0.88063,0.88064,0.88049,0.28611,0.28612,0.28597,0.90442,-0.0086958,0.024169,-0.42587,-0.0023594,-0.024865,0.28502
2.95,0.88347,0.88348,0.88333,0.28266,0.28267,0.28252,0.90381,-0.0087028,0.024296,-0.42715,-0.0023312,-0.02385,0.28158
2.96,0.88628,0.88629,0.88614,0.27919,0.2792,0.27905,0.90321,-0.0087082,0.024418,-0.42841,-0.0022943,-0.022809,0.27812
2.97,0.88906,0.88907,0.88891,0.27571,0.27572,0.27557,0.90262,-0.0087119,0.024536,-0.42966,-0.00225,-0.021763,0.27465
2.98,0.8918,0.89181,0.89165,0.27222,0.27223,0.27208,0.90203,-0.008714,0.024648,-0.43089,-0.0021993,-0.020721,0.27116
2.99,0.8945,0.89451,0.89435,0.26871,0.26872,0.26857,0.90144,-0.0087145,0.024756,-0.4321,-0.0021392,-0.019647,0.26766
3,0.89717,0.89718,0.89702,0.26519,0.2652,0.26505,0.90086,-0.0087134,0.024858,-0.4333,-0.0020729,-0.01858,0.26414
3.01,0.89981,0.89981,0.89965,0.26166,0.26167,0.26152,0.90029,-0.0087106,0.024955,-0.43448,-0.0019979,-0.01749,0.26061
3.02,0.9024,0.90241,0.90225,0.25811,0.25812,0.25797,0.89973,-0.0087063,0.025047,-0.43564,-0.0019156,-0.016391,0.25707
3.03,0.90497,0.90498,0.90481,0.25456,0.25457,0.25442,0.89917,-0.0087004,0.025133,-0.43679,-0.0018259,-0.015285,0.25352
3.04,0.9075,0.9075,0.90734,0.25099,0.251,0.25086,0.89862,-0.008693,0.025214,-0.43792,-0.001729,-0.014172,0.24996
3.05,0.90999,0.91,0.90983,0.24742,0.24743,0.24728,0.89807,-0.0086839,0.02529,-0.43904,-0.0016239,-0.013039,0.24639
3.06,0.91244,0.91245,0.91228,0.24384,0.24385,0.2437,0.89753,-0.0086733,0.02536,-0.44013,-0.0015111,-0.011894,0.24282
3.07,0.91486,0.91487,0.9147,0.24025,0.24026,0.24011,0.897,-0.0086611,0.025425,-0.44121,-0.0013914,-0.010744,0.23923
3.08,0.91725,0.91726,0.91709,0.23665,0.23666,0.23652,0.89647,-0.0086474,0.025483,-0.44228,-0.0012643,-0.0095823,0.23563
3.09,0.9196,0.91961,0.91943,0.23305,0.23306,0.23292,0.89596,-0.0086321,0.025536,-0.44332,-0.0011303,-0.0084144,0.23203
3.1,0.92191,0.92192,0.92174,0.22944,0.22945,0.22931,0.89544,-0.0086153,0.025584,-0.44436,-0.00098848,-0.0072311,0.22843
3.11,0.92419,0.9242,0.92402,0.22583,0.22583,0.2257,0.89494,-0.008597,0.025625,-0.44537,-0.0008393,-0.0060357,0.22482
3.12,0.92643,0.92644,0.92626,0.22221,0.22222,0.22208,0.89444,-0.0085771,0.025661,-0.44637,-0.00068321,-0.0048322,0.2212
3.13,0.92863,0.92864,0.92846,0.21859,0.2186,0.21846,0.89395,-0.0085557,0.02569,-0.44735,-0.00052014,-0.0036194,0.21758
3.14,0.9308,0.93081,0.93063,0.21497,0.21497,0.21484,0.89347,-0.0085327,0.025714,-0.44831,-0.00034989,-0.0023949,0.21396
3.15,0.93293,0.93294,0.93276,0.21134,0.21135,0.21122,0.89299,-0.0085083,0.025732,-0.44926,-0.00017274,-0.0011605,0.21034
3.16,0.93502,0.93504,0.93485,0.20772,0.20772,0.2076,0.89252,-0.0084823,0.025743,-0.45019,1.1331e-05,8.4467e-05,0.20672
3.17,0.93708,0.93709,0.93691,0.20409,0.2041,0.20397,0.89206,-0.0084548,0.025748,-0.4511,0.00020209,0.0013386,0.20309
3.18,0.93911,0.93912,0.93893,0.20047,0.20047,0.20035,0.89161,-0.0084258,0.025747,-0.452,0.00039964,0.0026034,0.19947
3.19,0.94109,0.9411,0.94092,0.19684,0.19685,0.19673,0.89116,-0.0083952,0.02574,-0.45288,0.00060383,0.0038783,0.19585
3.2,0.94304,0.94305,0.94287,0.19322,0.19323,0.19311,0.89072,-0.0083632,0.025726,-0.45375,0.00081442,0.0051618,0.19223
3.21,0.94496,0.94497,0.94478,0.18961,0.18961,0.1895,0.89029,-0.0083296,0.025706,-0.4546,0.0010315,0.0064558,0.18861
3.22,0.94684,0.94685,0.94666,0.186,0.186,0.18589,0.88986,-0.0082945,0.02568,-0.45543,0.0012552,0.0077616,0.185
3.23,0.94868,0.94869,0.9485,0.18239,0.18239,0.18229,0.88945,-0.0082579,0.025647,-0.45624,0.0014851,0.0090761,0.1814
3.24,0.95048,0.95049,0.9503,0.17879,0.17879,0.17869,0.88904,-0.0082198,0.025607,-0.45704,0.0017205,0.010395,0.1778
3.25,0.95225,0.95226,0.95207,0.17519,0.17519,0.1751,0.88864,-0.0081802,0.025561,-0.45782,0.0019623,0.011726,0.1742
3.26,0.95399,0.954,0.9538,0.1716,0.17161,0.17151,0.88824,-0.008139,0.025508,-0.45859,0.0022111,0.013075,0.17062
3.27,0.95569,0.9557,0.9555,0.16803,0.16803,0.16794,0.88786,-0.0080963,0.025449,-0.45934,0.0024641,0.01442,0.16704
3.28,0.95735,0.95736,0.95716,0.16446,0.16446,0.16437,0.88748,-0.0080521,0.025383,-0.46008,0.0027236,0.015781,0.16347
3.29,0.95897,0.95899,0.95879,0.1609,0.1609,0.16082,0.88711,-0.0080064,0.025309,-0.46079,0.0029897,0.017159,0.15992
3.3,0.96057,0.96058,0.96038,0.15735,0.15735,0.15728,0.88675,-0.0079591,0.025229,-0.4615,0.0032591,0.018527,0.15637
3.31,0.96212,0.96213,0.96193,0.15382,0.15382,0.15375,0.88639,-0.0079103,0.025142,-0.46218,0.0035367,0.019928,0.15284
3.32,0.96364,0.96365,0.96345,0.15029,0.15029,0.15023,0.88605,-0.0078599,0.025049,-0.46285,0.0038182,0.021326,0.14932
3.33,0.96513,0.96514,0.96494,0.14679,0.14679,0.14672,0.88571,-0.007808,0.024948,-0.46351,0.004104,0.022726,0.14582
3.34,0.96658,0.96659,0.96639,0.14329,0.14329,0.14324,0.88538,-0.0077546,0.02484,-0.46415,0.0043959,0.024143,0.14233
3.35,0.96799,0.968,0.9678,0.13982,0.13981,0.13976,0.88505,-0.0076995,0.024724,-0.46477,0.0046919,0.025562,0.13885
3.36,0.96937,0.96939,0.96918,0.13636,0.13635,0.13631,0.88474,-0.0076429,0.024602,-0.46538,0.0049949,0.027009,0.1354
3.37,0.97072,0.97073,0.97053,0.13291,0.13291,0.13287,0.88443,-0.0075847,0.024473,-0.46597,0.0053011,0.028451,0.13196
3.38,0.97203,0.97204,0.97184,0.12949,0.12949,0.12945,0.88413,-0.007525,0.024336,-0.46655,0.0056118,0.029902,0.12854
3.39,0.97331,0.97332,0.97312,0.12608,0.12608,0.12605,0.88383,-0.0074636,0.024192,-0.46711,0.0059255,0.031348,0.12514
3.4,0.97455,0.97457,0.97436,0.1227,0.1227,0.12267,0.88355,-0.0074006,0.02404,-0.46766,0.0062451,0.032817,0.12176
3.41,0.97576,0.97578,0.97557,0.11934,0.11933,0.11932,0.88327,-0.007336,0.023882,-0.46819,0.0065692,0.034296,0.11841
3.42,0.97694,0.97695,0.97675,0.116,0.116,0.11598,0.883,-0.0072698,0.023715,-0.46871,0.0068954,0.035766,0.11507
3.43,0.97808,0.9781,0.97789,0.11268,0.11268,0.11267,0.88274,-0.0072019,0.023542,-0.46921,0.007228,0.037268,0.11177
3.44,0.9792,0.97921,0.979,0.10939,0.10939,0.10939,0.88249,-0.0071324,0.023361,-0.4697,0.0075635,0.038769,0.10848
3.45,0.98027,0.98028,0.98008,0.10613,0.10612,0.10613,0.88224,-0.0070612,0.023172,-0.47018,0.0079008,0.040259,0.10523
3.46,0.98132,0.98133,0.98112,0.10289,0.10288,0.10289,0.882,-0.0069884,0.022975,-0.47064,0.0082443,0.041784,0.102
3.47,0.98233,0.98234,0.98214,0.099678,0.099672,0.099688,0.88177,-0.0069138,0.022771,-0.47108,0.0085912,0.043318,0.098797
3.48,0.98331,0.98332,0.98312,0.096496,0.09649,0.096512,0.88154,-0.0068375,0.02256,-0.47151,0.0089406,0.044852,0.095626
3.49,0.98426,0.98427,0.98407,0.093343,0.093337,0.093365,0.88133,-0.0067596,0.02234,-0.47193,0.0092936,0.046399,0.092486
3.5,0.98518,0.98519,0.98499,0.090221,0.090215,0.09025,0.88112,-0.0066799,0.022113,-0.47233,0.0096477,0.047929,0.089377
3.51,0.98607,0.98608,0.98587,0.087132,0.087125,0.087166,0.88092,-0.0065984,0.021879,-0.47272,0.010006,0.049484,0.0863
3.52,0.98692,0.98693,0.98673,0.084075,0.084068,0.084115,0.88072,-0.0065152,0.021636,-0.4731,0.010366,0.051032,0.083258
3.53,0.98775,0.98776,0.98756,0.081052,0.081045,0.081098,0.88053,-0.0064302,0.021385,-0.47346,0.01073,0.052601,0.08025
3.54,0.98854,0.98855,0.98835,0.078064,0.078057,0.078117,0.88035,-0.0063434,0.021127,-0.47381,0.011097,0.054195,0.077279
3.55,0.98931,0.98932,0.98912,0.075113,0.075105,0.075171,0.88018,-0.0062547,0.02086,-0.47415,0.011465,0.055767,0.074344
3.56,0.99004,0.99005,0.98985,0.072198,0.072191,0.072263,0.88001,-0.0061643,0.020586,-0.47447,0.011838,0.057382,0.071448
3.57,0.99075,0.99076,0.99056,0.069322,0.069314,0.069393,0.87985,-0.006072,0.020304,-0.47478,0.012209,0.058988,0.068592
3.58,0.99143,0.99144,0.99124,0.066485,0.066478,0.066563,0.87969,-0.0059778,0.020014,-0.47508,0.012583,0.060566,0.065775
3.59,0.99208,0.99209,0.99189,0.063689,0.063681,0.063773,0.87955,-0.0058818,0.019715,-0.47537,0.012958,0.062159,0.063001
3.6,0.99271,0.99271,0.99252,0.060935,0.060927,0.061025,0.87941,-0.0057838,0.019409,-0.47564,0.013337,0.063796,0.060269
3.61,0.9933,0.99331,0.99312,0.058223,0.058215,0.05832,0.87927,-0.0056839,0.019094,-0.4759,0.013716,0.065406,0.057581
3.62,0.99387,0.99388,0.99368,0.055556,0.055547,0.055659,0.87914,-0.0055821,0.018772,-0.47615,0.014097,0.067036,0.054938
3.63,0.99441,0.99442,0.99423,0.052933,0.052925,0.053042,0.87902,-0.0054783,0.018441,-0.47639,0.01448,0.068681,0.052341
3.64,0.99493,0.99494,0.99475,0.050357,0.050348,0.050472,0.87891,-0.0053726,0.018102,-0.47662,0.014864,0.07032,0.049792
3.65,0.99542,0.99543,0.99524,0.047828,0.047819,0.047949,0.8788,-0.0052648,0.017755,-0.47684,0.015249,0.071973,0.047291
3.66,0.99589,0.99589,0.99571,0.045347,0.045338,0.045475,0.87869,-0.005155,0.017399,-0.47704,0.015635,0.073625,0.04484
3.67,0.99633,0.99634,0.99615,0.042916,0.042907,0.04305,0.8786,-0.0050432,0.017035,-0.47724,0.016018,0.075251,0.04244
3.68,0.99674,0.99675,0.99657,0.040536,0.040527,0.040677,0.8785,-0.0049293,0.016663,-0.47742,0.016407,0.076921,0.040092
3.69,0.99714,0.99715,0.99696,0.038208,0.038199,0.038355,0.87842,-0.0048133,0.016283,-0.4776,0.016797,0.078614,0.037798
3.7,0.99751,0.99752,0.99733,0.035934,0.035925,0.036086,0.87833,-0.0046953,0.015895,-0.47776,0.017187,0.080307,0.035558
3.71,0.99786,0.99786,0.99768,0.033713,0.033704,0.033872,0.87826,-0.0045751,0.015498,-0.47791,0.017573,0.081951,0.033373
3.72,0.99818,0.99819,0.99801,0.031549,0.03154,0.031713,0.87819,-0.0044527,0.015092,-0.47806,0.017963,0.083637,0.031246
3.73,0.99849,0.9985,0.99832,0.029441,0.029432,0.029611,0.87812,-0.0043283,0.014679,-0.4782,0.018352,0.085323,0.029177
3.74,0.99877,0.99878,0.9986,0.027391,0.027382,0.027567,0.87806,-0.0042016,0.014257,-0.47832,0.018741,0.087006,0.027168
3.75,0.99904,0.99904,0.99887,0.025401,0.025392,0.025582,0.878,-0.0040727,0.013826,-0.47844,0.019133,0.088724,0.025219
3.76,0.99928,0.99929,0.99912,0.023471,0.023462,0.023657,0.87795,-0.0039416,0.013387,-0.47855,0.019519,0.090388,0.023332
3.77,0.99951,0.99951,0.99934,0.021603,0.021594,0.021795,0.8779,-0.0038083,0.01294,-0.47865,0.019911,0.092112,0.021508
3.78,0.99971,0.99972,0.99955,0.019797,0.019788,0.019995,0.87786,-0.0036727,0.012484,-0.47874,0.020305,0.093855,0.019749
3.79,0.9999,0.99991,0.99974,0.018056,0.018047,0.018259,0.87782,-0.0035349,0.01202,-0.47883,0.020693,0.095554,0.018055
3.8,1.0001,1.0001,0.99992,0.016381,0.016372,0.016588,0.87778,-0.0033947,0.011547,-0.47891,0.021082,0.097265,0.016429
3.81,1.0002,1.0002,1.0001,0.014772,0.014763,0.014984,0.87775,-0.0032522,0.011066,-0.47898,0.021466,0.098942,0.01487
3.82,1.0004,1.0004,1.0002,0.013232,0.013223,0.013448,0.87772,-0.0031075,0.010576,-0.47905,0.021859,0.10071,0.013382
3.83,1.0005,1.0005,1.0003,0.011761,0.011752,0.011981,0.8777,-0.0029603,0.010077,-0.4791,0.022248,0.10243,0.011964
3.84,1.0006,1.0006,1.0005,0.01036,0.010351,0.010585,0.87767,-0.0028108,0.0095706,-0.47916,0.022631,0.10412,0.010618
3.85,1.0007,1.0007,1.0006,0.0090313,0.0090224,0.0092599,0.87765,-0.0026589,0.0090552,-0.4792,0.023024,0.1059,0.0093453
3.86,1.0008,1.0008,1.0006,0.0077758,0.007767,0.0080081,0.87764,-0.0025046,0.0085313,-0.47924,0.023405,0.10758,0.0081477
3.87,1.0009,1.0009,1.0007,0.0065948,0.0065861,0.0068306,0.87762,-0.002348,0.0079989,-0.47928,0.023798,0.10937,0.0070261
3.88,1.0009,1.0009,1.0008,0.0054897,0.0054811,0.0057287,0.87761,-0.0021888,0.0074578,-0.47931,0.024177,0.11105,0.0059818
3.89,1.001,1.001,1.0008,0.0044618,0.0044532,0.0047037,0.8776,-0.0020273,0.0069082,-0.47934,0.024569,0.11284,0.0050163
